Day,Likes,Comments,Type ,Account
Friday,"2,652",108,Baking,rachlmansfield
Thursday,3879,103,Cooking,rachlmansfield
Thursday,4869,211,Baking,rachlmansfield
Wednesday,4913,414,Personal,rachlmansfield
Wednesday,5031,185,Baking,rachlmansfield
Tuesday,6069,216,Baking,rachlmansfield
Tuesday,4675,188,Baking,rachlmansfield
Monday,6810,235,Baking,rachlmansfield
Monday,3082,142,Cooking,rachlmansfield
Sunday,5947,170,Baking,rachlmansfield
Sunday,4485,137,Baking,rachlmansfield
Sunday,11983,318,Baking,rachlmansfield
Saturday,11026,302,Baking,rachlmansfield
Friday,3302,923,Ad,rachlmansfield
Friday,4179,158,Baking,rachlmansfield
Thursday,5441,169,Baking,rachlmansfield
Thursday,3356,100,Baking,rachlmansfield
Thursday,4304,,Ad,rachlmansfield
Wednesday,5884,,Ad,rachlmansfield
Wednesday,5988,171,Baking,rachlmansfield
Wednesday,4471,,Ad,rachlmansfield
Tuesday,7037,232,Cooking,rachlmansfield
Tuesday,6990,,Ad,rachlmansfield
Monday,7031,195,Baking,rachlmansfield
Monday,6467,,Ad,rachlmansfield
Sunday,8672,290,Baking,rachlmansfield
Sunday,8644,323,Cooking,rachlmansfield
Sunday,6435,317,Baking,rachlmansfield
Saturday,6804,346,Baking,rachlmansfield
Friday,8510,400,Baking,rachlmansfield
Friday,1290,14,Cooking,minimalistbaker
Thursday,7351,85,Cooking,minimalistbaker
Wednesday,12814,145,Beverage,minimalistbaker
Tuesday,2045,29,Cooking,minimalistbaker
Monday,16779,175,Cooking,minimalistbaker
Sunday,7640,66,Cooking,minimalistbaker
Saturday,12038,104,Baking,minimalistbaker
Friday,18256,162,Cooking,minimalistbaker
Thursday,20525,332,Beverage,minimalistbaker
Wednesday,5653,124,Baking,minimalistbaker
Tuesday,17836,227,Baking,minimalistbaker
Sunday,12226,146,Cooking,minimalistbaker
Saturday,8693,51,Cooking,minimalistbaker
Friday,2925,34,Baking,minimalistbaker
Thursday,11026,69,Cooking,minimalistbaker
Thursday,9728,82,Baking,minimalistbaker
Wednesday,12215,89,Cooking,minimalistbaker
Tuesday,16542,172,Cooking,minimalistbaker
Monday,3428,52,Cooking,minimalistbaker
Sunday ,4722,115,Baking,minimalistbaker
Saturday,9191,156,Cooking,minimalistbaker
Friday,7458,87,Beverage,minimalistbaker
Thursday,17279,165,Cooking,minimalistbaker
Wednesday,12467,69,Cooking,minimalistbaker
Tuesday,6294,96,Baking,minimalistbaker
Monday,15050,204,Baking,minimalistbaker
Sunday,9179,100,Cooking,minimalistbaker
Saturday,4851,74,Cooking,minimalistbaker
Friday,7886,67,Cooking,minimalistbaker
Thursday,13444,139,Cooking,minimalistbaker
Friday,1643,14,Ad,talinegabriel
Friday,2382,34,Personal,talinegabriel
Tuesday,4578,46,Personal,talinegabriel
Friday,2686,65,Personal,talinegabriel
Wednesday,3554,94,Beverage,talinegabriel
Monday,5887,35,Ad,talinegabriel
Sunday,2490,49,Ad,talinegabriel
Saturday,1455,13,Personal,talinegabriel
Friday,3720,44,Baking,talinegabriel
Thursday,3027,92,Personal,talinegabriel
Monday,6039,146,Ad,talinegabriel
Sunday,1871,32,Ad,talinegabriel
Friday,1527,45,Beverage,talinegabriel
Tuesday,4878,121,Personal,talinegabriel
Wednesday,5594,132,Personal,talinegabriel
Sunday,1448,31,Personal,talinegabriel
Friday,3087,81,Personal,talinegabriel
Wednesday,4183,192,Personal,talinegabriel
Sunday,6480,143,Personal,talinegabriel
Friday,3658,108,Cooking,talinegabriel
Tuesday,2678,56,Personal,talinegabriel
Sunday,3627,88,Cooking,talinegabriel
Sunday,5950,140,Personal,talinegabriel
Wednesday,4819,102,Personal,talinegabriel
Sunday,2702,60,Personal,talinegabriel
Saturday,3447,82,Baking,talinegabriel
Wednesday,1109,32,Ad,talinegabriel
Sunday,2519,57,Personal,talinegabriel
Saturday,2879,33,Personal,talinegabriel
Sunday,2946,56,Personal,talinegabriel
Friday,10333,2539,Ad,shutthekaleup
Thursday,12371,203,Personal,shutthekaleup
Tuesday,11417,750,Ad,shutthekaleup
Monday,11651,214,Personal,shutthekaleup
Thursday,10170,166,Baking,shutthekaleup
Wednesday,6817,312,Beverage,shutthekaleup
Monday,13674,118,Personal,shutthekaleup
Tuesday,27313,1719,Personal,shutthekaleup
Sunday,15310,177,Personal,shutthekaleup
Thursday,18096,416,Personal,shutthekaleup
Wednesday,14788,296,Personal,shutthekaleup
Monday,6934,235,Baking,shutthekaleup
Saturday,15562,113,Personal,shutthekaleup
Wednesday,64646,247,Cooking,shutthekaleup
Tuesday,9543,201,Baking,shutthekaleup
Monday,14906,167,Personal,shutthekaleup
Friday,6700,150,Cooking,shutthekaleup
Thursday,14560,211,Personal,shutthekaleup
Tuesday,9704,284,Personal,shutthekaleup
Monday,9115,114,Personal,shutthekaleup
Tuesday,7839,53,Personal,shutthekaleup
Monday,12251,141,Personal,shutthekaleup
Saturday,19460,153,Personal,shutthekaleup
Friday,8585,206,Baking,shutthekaleup
Thursday,10298,171,Personal,shutthekaleup
Wednesday,9278,168,Baking,shutthekaleup
Wednesday,8387,287,Personal,shutthekaleup
Monday,9617,158,Baking,shutthekaleup
Thursday,5687,210,Beverage,shutthekaleup
Wednesday,10635,112,Personal,shutthekaleup
Friday,17668,229,Baking,pickuplimes
Thursday,31164,270,Baking,pickuplimes
Sunday,30285,213,Cooking,pickuplimes
Monday,17484,276,Beverage,pickuplimes
Thursday,43151,466,Beverage,pickuplimes
Sunday,67380,786,Cooking,pickuplimes
Thursday,79992,704,Personal,pickuplimes
Friday,32781,452,Cooking,pickuplimes
Sunday,43334,382,Cooking,pickuplimes
Friday,21180,472,Cooking,pickuplimes
Wednesday,17599,307,Cooking,pickuplimes
Tuesday,14043,186,Beverage,pickuplimes
Thursday,32122,548,Beverage,pickuplimes
Wednesday,84857,1210,Personal,pickuplimes
Friday,63827,462,Personal,pickuplimes
Wednesday,23836,420,Cooking,pickuplimes
Friday,22001,365,Cooking,pickuplimes
Thursday,28375,243,Cooking,pickuplimes
Wednesday,22235,425,Cooking,pickuplimes
Friday,37000,614,Cooking,pickuplimes
Friday,31412,395,Cooking,pickuplimes
Monday,27858,402,Cooking,pickuplimes
Tuesday,23890,443,Cooking,pickuplimes
Thursday,39497,544,Personal,pickuplimes
Thursday,23344,677,Cooking,pickuplimes
Sunday,47863,549,Cooking,pickuplimes
Sunday,37404,453,Cooking,pickuplimes
Saturday,16210,224,Cooking,pickuplimes
Wednesday,123201,2136,Personal,pickuplimes
Saturday,32801,741,Baking,pickuplimes
Saturday,4261,33,Baking,chocolatecoveredkatie
Thursday,12103,143,Baking,chocolatecoveredkatie
Wednesday,2443,58,Baking,chocolatecoveredkatie
Monday,8936,88,Baking,chocolatecoveredkatie
Sunday,2862,34,Baking,chocolatecoveredkatie
Saturday,8061,61,Baking,chocolatecoveredkatie
Friday,15426,124,Baking,chocolatecoveredkatie
Thursday,6551,92,Baking,chocolatecoveredkatie
Wednesday,8685,136,Baking,chocolatecoveredkatie
Tuesday,8173,82,Baking,chocolatecoveredkatie
Sunday,6952,57,Baking,chocolatecoveredkatie
Saturday,3589,24,Baking,chocolatecoveredkatie
Friday,11662,83,Baking,chocolatecoveredkatie
Wednesday,6420,107,Baking,chocolatecoveredkatie
Tuesday,11459,120,Baking,chocolatecoveredkatie
Wednesday,4847,47,Baking,chocolatecoveredkatie
Tuesday,8816,87,Baking,chocolatecoveredkatie
Sunday,11042,100,Baking,chocolatecoveredkatie
Saturday,12810,133,Baking,chocolatecoveredkatie
Friday,18677,335,Baking,chocolatecoveredkatie
Wednesday,4681,56,Cooking,chocolatecoveredkatie
Sunday,12914,95,Baking,chocolatecoveredkatie
Monday,6656,60,Baking,chocolatecoveredkatie
Sunday,7801,90,Baking,chocolatecoveredkatie
Saturday,6598,48,Baking,chocolatecoveredkatie
Wednesday,5567,47,Baking,chocolatecoveredkatie
Sunday,11755,115,Baking,chocolatecoveredkatie
Saturday,3081,57,Baking,chocolatecoveredkatie
Wednesday,6564,77,Baking,chocolatecoveredkatie
Friday,36580,244,Personal,maddielymburner
Friday,43417,869,Personal,maddielymburner
Wednesday,33671,434,Personal,maddielymburner
Monday,32658,138,Personal,maddielymburner
Sunday,34259,107,Personal,maddielymburner
Monday,36134,360,Personal,maddielymburner
Monday,56197,352,Personal,maddielymburner
Tuesday,43441,439,Cooking,maddielymburner
Monday,32028,258,Personal,maddielymburner
Thursday,49608,5602,Personal,maddielymburner
Wednesday,24631,299,Baking,maddielymburner
Monday,45080,267,Personal,maddielymburner
Friday,41072,273,Personal,maddielymburner
Monday,64672,1050,Personal,maddielymburner
Saturday,30002,218,Personal,maddielymburner
Thursday,22876,205,Cooking,maddielymburner
Tuesday,26338,143,Personal,maddielymburner
Monday,25800,264,Cooking,maddielymburner
Wednesday,38287,312,Personal,maddielymburner
Monday,19771,143,Personal,maddielymburner
Monday,40200,408,Personal,maddielymburner
Tuesday,20316,195,Cooking,maddielymburner
Monday,45833,709,Personal,maddielymburner
Thursday,21000,197,Baking,maddielymburner
Tuesday,40719,635,Personal,maddielymburner
Thursday,47167,265,Personal,maddielymburner
Thursday,14307,121,Cooking,maddielymburner
Friday,24617,215,Personal,maddielymburner
Saturday,23771,279,Baking,maddielymburner
Sunday,23529,166,Personal,maddielymburner
Saturday,7206,94,Cooking,plantifullybased
Friday,1655,1051,Ad,plantifullybased
Thursday,8146,153,Baking,plantifullybased
Wednesday,412,82,Ad,plantifullybased
Monday,5540,112,Cooking,plantifullybased
Sunday,1344,73,Ad,plantifullybased
Saturday,4259,175,Cooking,plantifullybased
Friday,3546,186,Cooking,plantifullybased
Thursday,923,102,Ad,plantifullybased
Wednesday,5358,159,Baking,plantifullybased
Monday,9769,183,Cooking,plantifullybased
Saturday,2441,82,Cooking,plantifullybased
Wednesday,8295,187,Cooking,plantifullybased
Tuesday,944,81,Cooking,plantifullybased
Monday,5525,205,Cooking,plantifullybased
Sunday,848,112,Ad,plantifullybased
Saturday,4814,151,Cooking,plantifullybased
Thursday,1398,157,Cooking,plantifullybased
Wednesday,9042,162,Baking,plantifullybased
Monday,6180,228,Cooking,plantifullybased
Saturday,10304,158,Cooking,plantifullybased
Friday,4133,90,Cooking,plantifullybased
Thursday,3060,581,Personal,plantifullybased
Wednesday,5825,132,Cooking,plantifullybased
Monday,3722,121,Baking,plantifullybased
Sunday,6893,126,Cooking,plantifullybased
Wednesday,8605,139,Cooking,plantifullybased
Monday,5985,140,Cooking,plantifullybased
Sunday,9947,195,Cooking,plantifullybased
Saturday,2714,88,Baking,plantifullybased
Friday,4784,196,Cooking,plantifullybased
Saturday,2046,156,Baking,muchin.withmar
Thursday,1522,164,Cooking,muchin.withmar
Tuesday,666,125,Cooking,muchin.withmar
Monday,2018,160,Cooking,muchin.withmar
Friday,1158,193,Baking,muchin.withmar
Thursday,960,201,Baking,muchin.withmar
Tuesday,1175,223,Cooking,muchin.withmar
Monday,1173,184,Cooking,muchin.withmar
Saturday,2977,205,Baking,muchin.withmar
Wednesday,777,170,Cooking,muchin.withmar
Tuesday,1510,191,Cooking,muchin.withmar
Monday,1042,162,Cooking,muchin.withmar
Friday,959,176,Cooking,muchin.withmar
Thursday,771,141,Baking,muchin.withmar
Tuesday,1003,204,Cooking,muchin.withmar
Monday,1632,210,Baking,muchin.withmar
Saturday,975,148,Baking,muchin.withmar
Friday,547,152,Baking,muchin.withmar
Thursday,1460,202,Baking,muchin.withmar
Monday,1316,194,Cooking,muchin.withmar
Friday,918,168,Cooking,muchin.withmar
Thursday,2570,248,Cooking,muchin.withmar
Monday,1501,214,Baking,muchin.withmar
Saturday,1238,217,Baking,muchin.withmar
Friday,732,143,Baking,muchin.withmar
Thursday,1588,198,Baking,muchin.withmar
Monday,842,250,Ad,muchin.withmar
Friday,1225,210,Cooking,muchin.withmar
Thursday,1042,190,Baking,muchin.withmar
Wednesday,962,213,Cooking,muchin.withmar
Saturday,1746,37,Cooking,purelykaylie
Friday,3304,71,Baking,purelykaylie
Wednesday,3728,70,Baking,purelykaylie
Tuesday,3983,74,Cooking,purelykaylie
Monday,5995,127,Baking,purelykaylie
Sunday,2135,72,Beverage,purelykaylie
Saturday,1059,37,Cooking,purelykaylie
Friday,2527,62,Beverage,purelykaylie
Thursday,4030,90,Baking,purelykaylie
Wednesday,2969,81,Beverage,purelykaylie
Monday,1175,39,Cooking,purelykaylie
Sunday,1608,51,Baking,purelykaylie
Saturday,5941,84,Baking,purelykaylie
Friday,1705,64,Cooking,purelykaylie
Wednesday,2730,84,Baking,purelykaylie
Tuesday,11329,107,Beverage,purelykaylie
Monday,1112,43,Cooking,purelykaylie
Sunday,4192,81,Baking,purelykaylie
Saturday,2684,73,Cooking,purelykaylie
Thursday,4520,96,Baking,purelykaylie
Wednesday,2604,72,Cooking,purelykaylie
Tuesday,5044,142,Ad,purelykaylie
Monday,2439,72,Cooking,purelykaylie
Sunday,6383,104,Baking,purelykaylie
Saturday,2148,46,Beverage,purelykaylie
Friday,3232,78,Baking,purelykaylie
Wednesday,2075,63,Cooking,purelykaylie
Monday,6810,107,Baking,purelykaylie
Sunday,2563,70,Baking,purelykaylie
Saturday,3800,75,Beverage,purelykaylie